[{"Id":1,"Name":"est phasellus sit","DateOfBirth":"1969-07-27T06:42:59Z","PrisonCellNumber":68890,"IntakeTime":"2019-03-25T02:28:16Z","LocationHistory":[{"LocationTime":"2019-12-13T13:43:58Z","LocationName":"metus vitae"},{"LocationTime":"2019-12-11T22:35:47Z","LocationName":"vestibulum"},{"LocationTime":"2019-08-08T06:06:12Z","LocationName":"morbi vestibulum"},{"LocationTime":"2020-02-26T07:32:28Z","LocationName":"pellentesque"},{"LocationTime":"2019-05-10T02:50:04Z","LocationName":"aliquam"}]},
{"Id":2,"Name":"vestibulum rutrum rutrum","DateOfBirth":"1975-06-16T18:52:15Z","PrisonCellNumber":99740,"IntakeTime":"2019-03-31T21:09:02Z","LocationHistory":[{"LocationTime":"2019-10-09T14:08:46Z","LocationName":"ridiculus"},{"LocationTime":"2020-01-29T04:40:14Z","LocationName":"ridiculus mus"},{"LocationTime":"2019-12-22T16:21:30Z","LocationName":"vestibulum ante"},{"LocationTime":"2019-08-20T05:12:54Z","LocationName":"suspendisse potenti"},{"LocationTime":"2019-12-31T01:52:21Z","LocationName":"cras in"},{"LocationTime":"2019-09-23T22:24:25Z","LocationName":"pretium iaculis"},{"LocationTime":"2019-12-31T06:53:03Z","LocationName":"vulputate ut"},{"LocationTime":"2020-01-16T05:08:12Z","LocationName":"quis"}]},
{"Id":3,"Name":"et magnis dis","DateOfBirth":"1976-03-21T18:17:53Z","PrisonCellNumber":27078,"IntakeTime":"2019-10-18T03:04:01Z","LocationHistory":[{"LocationTime":"2019-04-20T23:25:05Z","LocationName":"mus vivamus"},{"LocationTime":"2019-06-27T01:55:28Z","LocationName":"integer tincidunt"},{"LocationTime":"2019-06-01T21:17:07Z","LocationName":"lacus at"},{"LocationTime":"2019-12-04T08:19:54Z","LocationName":"quis"},{"LocationTime":"2020-01-28T22:35:06Z","LocationName":"orci"}]},
{"Id":4,"Name":"nibh ligula nec","DateOfBirth":"1984-09-28T20:35:34Z","PrisonCellNumber":67629,"IntakeTime":"2019-07-05T02:34:20Z","LocationHistory":[{"LocationTime":"2019-07-14T23:58:39Z","LocationName":"mauris"},{"LocationTime":"2019-07-22T12:04:02Z","LocationName":"commodo"},{"LocationTime":"2019-06-30T18:35:23Z","LocationName":"vestibulum velit"},{"LocationTime":"2019-07-24T09:00:23Z","LocationName":"justo in"},{"LocationTime":"2019-03-17T14:44:10Z","LocationName":"quam nec"},{"LocationTime":"2019-10-12T21:46:03Z","LocationName":"nulla"}]},
{"Id":5,"Name":"pharetra magna","DateOfBirth":"1967-12-20T22:45:29Z","PrisonCellNumber":95347,"IntakeTime":"2019-11-18T17:01:36Z","LocationHistory":[{"LocationTime":"2020-03-06T17:27:27Z","LocationName":"non pretium"},{"LocationTime":"2019-10-15T00:09:48Z","LocationName":"sollicitudin mi"},{"LocationTime":"2020-01-22T08:18:19Z","LocationName":"non lectus"},{"LocationTime":"2019-05-24T11:19:15Z","LocationName":"ipsum"},{"LocationTime":"2020-01-07T16:26:15Z","LocationName":"sit"}]},
{"Id":6,"Name":"in blandit ultrices","DateOfBirth":"1950-07-04T07:24:54Z","PrisonCellNumber":98782,"IntakeTime":"2019-05-13T20:39:23Z","LocationHistory":[{"LocationTime":"2019-10-25T12:48:53Z","LocationName":"in eleifend"},{"LocationTime":"2019-06-22T00:27:01Z","LocationName":"nulla"},{"LocationTime":"2019-12-31T12:54:01Z","LocationName":"justo lacinia"},{"LocationTime":"2019-05-29T00:33:43Z","LocationName":"non lectus"},{"LocationTime":"2020-02-29T18:57:12Z","LocationName":"scelerisque quam"},{"LocationTime":"2019-09-04T09:55:29Z","LocationName":"libero nullam"},{"LocationTime":"2019-07-13T20:24:59Z","LocationName":"elit sodales"},{"LocationTime":"2019-07-13T20:52:20Z","LocationName":"sem"}]},
{"Id":7,"Name":"purus sit","DateOfBirth":"1987-03-28T18:43:41Z","PrisonCellNumber":31710,"IntakeTime":"2020-01-21T12:15:57Z","LocationHistory":[{"LocationTime":"2019-08-29T12:35:25Z","LocationName":"quis"},{"LocationTime":"2020-02-13T22:05:06Z","LocationName":"nulla"},{"LocationTime":"2019-12-14T08:00:25Z","LocationName":"duis"},{"LocationTime":"2019-06-22T17:13:10Z","LocationName":"mauris"},{"LocationTime":"2019-08-13T21:58:06Z","LocationName":"vel"},{"LocationTime":"2020-02-16T20:43:33Z","LocationName":"et"},{"LocationTime":"2020-01-29T20:11:17Z","LocationName":"id"},{"LocationTime":"2019-07-02T19:53:10Z","LocationName":"condimentum neque"}]},
{"Id":8,"Name":"nisi vulputate nonummy","DateOfBirth":"1996-09-02T13:37:09Z","PrisonCellNumber":66088,"IntakeTime":"2019-09-29T20:59:38Z","LocationHistory":[{"LocationTime":"2020-01-11T02:27:33Z","LocationName":"nunc viverra"},{"LocationTime":"2020-02-29T12:35:09Z","LocationName":"suspendisse"},{"LocationTime":"2019-06-23T03:36:49Z","LocationName":"faucibus orci"},{"LocationTime":"2019-04-07T17:57:50Z","LocationName":"pulvinar"},{"LocationTime":"2019-05-24T00:39:48Z","LocationName":"vitae consectetuer"},{"LocationTime":"2019-12-31T04:23:24Z","LocationName":"mi integer"},{"LocationTime":"2019-04-02T20:28:06Z","LocationName":"sed magna"},{"LocationTime":"2019-08-10T03:56:47Z","LocationName":"neque aenean"}]},
{"Id":9,"Name":"justo in","DateOfBirth":"1979-12-29T11:22:27Z","PrisonCellNumber":89214,"IntakeTime":"2019-12-14T01:37:36Z","LocationHistory":[{"LocationTime":"2019-09-13T17:50:51Z","LocationName":"eleifend quam"},{"LocationTime":"2020-01-18T07:27:27Z","LocationName":"rhoncus aliquet"},{"LocationTime":"2019-04-21T16:48:28Z","LocationName":"sed vestibulum"},{"LocationTime":"2020-01-12T17:50:41Z","LocationName":"est"},{"LocationTime":"2020-02-04T22:40:03Z","LocationName":"augue vestibulum"},{"LocationTime":"2019-09-06T16:34:38Z","LocationName":"erat nulla"}]},
{"Id":10,"Name":"fusce consequat nulla","DateOfBirth":"1963-01-18T16:29:19Z","PrisonCellNumber":33742,"IntakeTime":"2019-04-05T23:38:28Z","LocationHistory":[{"LocationTime":"2019-05-06T05:07:11Z","LocationName":"pede"},{"LocationTime":"2019-06-12T21:02:57Z","LocationName":"at"},{"LocationTime":"2019-05-19T16:16:55Z","LocationName":"ipsum"},{"LocationTime":"2020-01-20T11:09:34Z","LocationName":"quam pharetra"},{"LocationTime":"2019-04-02T07:30:43Z","LocationName":"quam"},{"LocationTime":"2019-04-11T09:59:54Z","LocationName":"leo"},{"LocationTime":"2019-05-09T22:53:51Z","LocationName":"libero non"}]},
{"Id":11,"Name":"ac neque duis","DateOfBirth":"1971-08-12T12:28:20Z","PrisonCellNumber":29156,"IntakeTime":"2020-03-02T09:43:54Z","LocationHistory":[{"LocationTime":"2019-05-14T08:14:20Z","LocationName":"massa"},{"LocationTime":"2019-11-17T14:17:37Z","LocationName":"suspendisse"},{"LocationTime":"2019-08-11T11:36:42Z","LocationName":"velit"},{"LocationTime":"2020-01-18T11:15:30Z","LocationName":"justo"},{"LocationTime":"2019-04-26T17:22:11Z","LocationName":"curae nulla"}]},
{"Id":12,"Name":"molestie lorem quisque","DateOfBirth":"1957-11-28T15:30:19Z","PrisonCellNumber":5092,"IntakeTime":"2019-07-11T01:41:03Z","LocationHistory":[{"LocationTime":"2019-06-08T14:48:16Z","LocationName":"eget"},{"LocationTime":"2019-05-25T10:01:14Z","LocationName":"mi"},{"LocationTime":"2019-10-26T04:09:33Z","LocationName":"egestas metus"},{"LocationTime":"2019-04-19T10:46:55Z","LocationName":"amet"},{"LocationTime":"2019-05-06T23:27:37Z","LocationName":"scelerisque mauris"},{"LocationTime":"2019-08-13T17:29:51Z","LocationName":"donec ut"},{"LocationTime":"2019-11-30T08:13:40Z","LocationName":"felis"},{"LocationTime":"2019-08-31T14:02:14Z","LocationName":"rutrum"},{"LocationTime":"2019-07-12T22:57:09Z","LocationName":"in sagittis"}]},
{"Id":13,"Name":"dui luctus","DateOfBirth":"1953-06-29T04:07:09Z","PrisonCellNumber":45950,"IntakeTime":"2020-01-11T20:28:15Z","LocationHistory":[{"LocationTime":"2019-10-20T20:17:33Z","LocationName":"id lobortis"},{"LocationTime":"2019-09-30T12:42:02Z","LocationName":"eget"},{"LocationTime":"2019-10-29T15:37:26Z","LocationName":"eu mi"},{"LocationTime":"2019-07-15T17:55:28Z","LocationName":"amet"},{"LocationTime":"2019-10-27T06:55:26Z","LocationName":"diam"},{"LocationTime":"2019-05-05T18:28:10Z","LocationName":"sapien"},{"LocationTime":"2020-02-26T10:38:16Z","LocationName":"rutrum"}]},
{"Id":14,"Name":"ullamcorper augue","DateOfBirth":"1978-08-08T17:33:12Z","PrisonCellNumber":42180,"IntakeTime":"2020-03-02T21:18:53Z","LocationHistory":[{"LocationTime":"2019-06-17T23:57:59Z","LocationName":"vel"},{"LocationTime":"2020-02-13T09:37:57Z","LocationName":"consequat"},{"LocationTime":"2019-08-01T13:00:21Z","LocationName":"neque"},{"LocationTime":"2019-06-20T19:52:17Z","LocationName":"nibh quisque"},{"LocationTime":"2020-03-03T10:21:29Z","LocationName":"ante ipsum"},{"LocationTime":"2019-09-20T22:12:43Z","LocationName":"aliquam non"},{"LocationTime":"2019-05-31T10:07:44Z","LocationName":"id"},{"LocationTime":"2019-12-30T21:04:44Z","LocationName":"et ultrices"},{"LocationTime":"2019-11-22T01:31:44Z","LocationName":"donec dapibus"},{"LocationTime":"2019-08-13T05:11:04Z","LocationName":"faucibus orci"}]},
{"Id":15,"Name":"praesent blandit","DateOfBirth":"1992-04-03T13:03:36Z","PrisonCellNumber":22793,"IntakeTime":"2019-07-27T18:45:16Z","LocationHistory":[{"LocationTime":"2019-11-03T04:32:46Z","LocationName":"vulputate"},{"LocationTime":"2019-05-05T09:29:27Z","LocationName":"curabitur"},{"LocationTime":"2019-12-05T06:24:01Z","LocationName":"est et"},{"LocationTime":"2019-11-26T08:55:27Z","LocationName":"ac neque"},{"LocationTime":"2019-07-10T09:06:01Z","LocationName":"odio"},{"LocationTime":"2019-03-30T12:07:03Z","LocationName":"donec"}]},
{"Id":16,"Name":"adipiscing elit proin","DateOfBirth":"1982-05-16T10:10:53Z","PrisonCellNumber":68693,"IntakeTime":"2020-02-08T11:28:38Z","LocationHistory":[{"LocationTime":"2020-01-19T21:20:17Z","LocationName":"ac diam"},{"LocationTime":"2019-06-03T01:08:07Z","LocationName":"dolor"},{"LocationTime":"2019-10-05T07:24:41Z","LocationName":"vestibulum sed"},{"LocationTime":"2019-11-12T16:08:54Z","LocationName":"ut"},{"LocationTime":"2019-06-20T21:36:49Z","LocationName":"sed magna"},{"LocationTime":"2020-01-11T01:04:50Z","LocationName":"eu"},{"LocationTime":"2019-10-11T21:39:02Z","LocationName":"consequat ut"},{"LocationTime":"2019-03-18T08:52:58Z","LocationName":"id"}]},
{"Id":17,"Name":"in sagittis dui","DateOfBirth":"1971-08-10T14:08:01Z","PrisonCellNumber":97584,"IntakeTime":"2019-08-26T13:13:17Z","LocationHistory":[{"LocationTime":"2019-08-19T04:29:01Z","LocationName":"lorem"},{"LocationTime":"2019-04-27T16:09:22Z","LocationName":"dolor quis"},{"LocationTime":"2019-04-16T06:59:04Z","LocationName":"nisi nam"},{"LocationTime":"2019-12-28T17:02:57Z","LocationName":"curae duis"},{"LocationTime":"2020-01-20T23:16:04Z","LocationName":"iaculis diam"},{"LocationTime":"2019-03-25T12:49:49Z","LocationName":"lacus purus"},{"LocationTime":"2019-11-14T04:57:09Z","LocationName":"et ultrices"},{"LocationTime":"2019-11-25T21:47:55Z","LocationName":"adipiscing elit"},{"LocationTime":"2019-06-22T19:57:44Z","LocationName":"consequat ut"},{"LocationTime":"2019-12-03T00:00:00Z","LocationName":"lacus"}]},
{"Id":18,"Name":"eget vulputate","DateOfBirth":"1966-08-04T10:15:33Z","PrisonCellNumber":7191,"IntakeTime":"2019-10-04T08:16:55Z","LocationHistory":[{"LocationTime":"2019-11-21T02:17:13Z","LocationName":"duis bibendum"},{"LocationTime":"2019-07-08T03:27:19Z","LocationName":"pulvinar nulla"},{"LocationTime":"2019-08-17T20:57:15Z","LocationName":"sed magna"},{"LocationTime":"2019-05-08T17:27:44Z","LocationName":"vestibulum eget"},{"LocationTime":"2019-11-26T15:44:19Z","LocationName":"id massa"},{"LocationTime":"2020-02-13T22:46:04Z","LocationName":"in"},{"LocationTime":"2019-09-30T17:18:47Z","LocationName":"lacus"},{"LocationTime":"2019-12-24T18:28:59Z","LocationName":"nunc viverra"},{"LocationTime":"2019-07-06T05:52:05Z","LocationName":"porttitor lacus"},{"LocationTime":"2019-04-26T11:56:56Z","LocationName":"vivamus"}]},
{"Id":19,"Name":"convallis eget","DateOfBirth":"1951-10-02T20:45:56Z","PrisonCellNumber":80861,"IntakeTime":"2019-08-09T08:45:05Z","LocationHistory":[{"LocationTime":"2019-10-29T09:13:35Z","LocationName":"penatibus et"},{"LocationTime":"2020-02-16T04:10:40Z","LocationName":"congue vivamus"},{"LocationTime":"2019-08-14T07:45:48Z","LocationName":"ullamcorper augue"},{"LocationTime":"2019-10-28T17:57:13Z","LocationName":"nulla mollis"},{"LocationTime":"2020-01-25T21:33:33Z","LocationName":"scelerisque mauris"},{"LocationTime":"2019-08-27T08:36:03Z","LocationName":"potenti"}]},
{"Id":20,"Name":"non velit","DateOfBirth":"1992-06-18T14:26:49Z","PrisonCellNumber":53488,"IntakeTime":"2019-05-30T21:34:03Z","LocationHistory":[{"LocationTime":"2019-04-07T19:03:57Z","LocationName":"nibh fusce"},{"LocationTime":"2019-12-31T13:16:28Z","LocationName":"consequat varius"},{"LocationTime":"2019-09-18T10:18:45Z","LocationName":"dui vel"},{"LocationTime":"2020-02-21T16:53:43Z","LocationName":"eget vulputate"},{"LocationTime":"2019-12-04T07:24:33Z","LocationName":"ultrices aliquet"},{"LocationTime":"2019-09-17T09:02:36Z","LocationName":"massa"},{"LocationTime":"2019-05-02T20:32:46Z","LocationName":"libero quis"},{"LocationTime":"2019-09-29T14:43:56Z","LocationName":"fermentum"},{"LocationTime":"2019-11-26T08:18:05Z","LocationName":"et ultrices"},{"LocationTime":"2019-11-24T13:19:37Z","LocationName":"ut volutpat"}]}]